{
  "1": "",
  "2": "",
  "3": "指南",
  "4": "了解设计指南，帮助产品设计人员搭建逻辑清晰、结构合理且高效易用的产品。",
  "5": "查看详情",
  "6": "组件",
  "7": "使用组件 Demo 快速体验交互细节；使用前端框架封装的代码帮助工程师快速开发。",
  "8": "资源",
  "9": "下载相关资源，用其快速搭建页面原型或高保真视觉稿，提升产品设计效率。",
  "10": "链接",
  "11": "GitHub",
  "12": "更新日志",
  "13": "Element UI for Vue 2",
  "14": "自定义主题",
  "15": "Gitter",
  "16": "建议反馈",
  "17": "参与贡献",
  "18": "SegmentFault",
  "19": "讨论区",
  "20": "成为赞助商！",
  "21": "请通过此邮箱联系我们",
  "title_release": "Element Plus 稳定版本即将发布",
  "title": "Element Plus",
  "title_sub": "基于 Vue 3，面向设计师和开发者的组件库"
}
